,"CD8-positive, alpha-beta T cell",gamma-delta T cell,fibroblast,plasma cell,intestinal crypt stem cell of colon,"CD4-positive, alpha-beta T cell",B cell,enterocyte of epithelium of large intestine,myeloid leukocyte,BEST4+ enterocyte,regulatory T cell,mast cell,colon endothelial cell,type L enteroendocrine cell,colon macrophage,transit amplifying cell of colon,enterochromaffin-like cell,large intestine goblet cell,paneth cell of colon,enteroglial cell,myofibroblast cell,"naive thymus-derived CD4-positive, alpha-beta T cell",monocyte,innate lymphoid cell,tuft cell of colon,mature NK T cell,natural killer cell,myeloid dendritic cell,neutrophil
Eikenella,0.2490142459033698,0.05852070964864461,0.2943065614302077,0.5569089569224076,0.029753987582999214,0.02975891291524585,0.5737638446522174,0.33023041874587267,-0.04084231578048561,0.2627680130757894,-0.03902530784373867,-0.03971892607107705,0.17258868146981024,-0.4739840733973394,-0.4174753497539099,-0.06868625877229179,-0.2038493361003271,0.19427419977858218,-0.17240722265636324,-0.3236911104005874,0.5396946306764662,0.032267109854039314,0.12025846140637715,-0.327424455864037,-0.06331481735755479,0.13327677691295983,-0.2452980732266908,0.2127094055037016,-0.08019160697564148
Streptococcus,0.012491875062016974,-0.08051198366881906,0.6556834553526812,0.09595083257861983,-0.2173132786867701,0.3467634736309567,-0.26625309499130667,0.16265907850142663,-0.4879010371639326,-0.2984558146695291,0.15905837076073706,0.3215399739986231,0.15141048435699114,0.06530551528352785,0.009668891323213372,-0.34355659711022823,-0.11595326251841259,-0.038191631287936234,0.4171366678656747,0.20308548687053843,-0.4289120466088202,0.1972251908184385,-0.015524684124894952,-0.1030766000917876,0.28350288665226037,0.40929985674878533,0.37938403573485957,-0.15176525696679152,0.007236287244635639
Agathobacter rectalis,0.1993790294210692,0.39266353813670773,-0.043752271353586975,0.04430230700085487,-0.23190049220180844,-0.2588619872242012,0.3437577467182594,0.5068720085712469,0.07839696352589985,0.4010598693676073,0.20849080751429025,-0.09353592638153727,0.2084186816525242,0.5614109699397908,0.08925218826701455,0.5693930967442018,-0.6859235312269233,0.34657075131256715,0.12611412047145137,0.010297794860239767,0.1275282329606507,-0.49627067438026784,0.03409843364874643,0.2071337714535239,0.5433682134224548,-0.055481065482094194,-0.14254808086795626,-0.05052711307536095,0.3746206353106223
Faecalibacterium prausnitzii,0.19862533289790535,-0.05892806113011162,0.2539802299340068,0.1291232648044121,0.3905934971598668,-0.1106159281632057,0.0017013560206695505,-0.017632445939647273,-0.3390544844396356,0.18883608311937283,0.1783165816539668,0.10153403699273827,0.02962385998745594,-0.3246112226151242,-0.0261935968296077,-0.0028143549580308402,-0.14068318076648564,0.05161428650019727,0.2212152570443615,0.665855770363159,0.1523733438495517,0.1772651172168293,0.07766622527014984,-0.47563136458971245,0.09204583736523494,0.11806906298230793,0.8389726337455858,0.04229171056566325,0.19046420270008374
Akkermansia muciniphila,0.08958646908842702,-0.2506034112858596,0.44284684435450616,0.32557990980603224,0.33730958411291406,-0.17281623643842167,0.5208382932808298,-0.3205553188376843,0.2760571281400811,0.7571366877429935,-0.1971608975392065,-0.06988931888083155,0.12989540952629236,-0.05104269623485974,-0.36519902931983983,0.1205688924418082,-0.21869111411783146,0.24207772919055448,-0.17582727027014092,0.5649803215052618,-0.1349759877008711,0.0033815451382973316,0.34405516521090096,-0.2692592949301865,0.16823798038123883,0.4921428262847284,-0.38224497036836824,0.15539015755969127,0.17796483827452708
Escherichia coli,0.33454686153319313,-0.2710852132634246,-0.29613698392528287,0.25658246968506926,0.18909540196995583,0.17514785510376296,0.20393446284909272,-0.10400741647354722,0.16967610914830106,0.18792174198960437,-0.11430542540791033,0.659732353343427,0.24214987627353626,-0.2573910491607946,0.2969660825901489,-0.19240450106819643,0.3361253811227356,0.44757867370222126,-0.14620469550551313,0.3890128387732965,0.2238342780809495,0.346618047998347,0.6690378947961841,0.026383565199138856,-0.12612084930724685,-0.16685432888765697,-0.14474308548963147,0.07686948717576875,0.20234559244499317
Streptococcus salivarius,0.18300723979900574,0.34815497471080714,0.10390056756337211,0.536060223147195,0.02060295002861319,0.9160507499768856,0.28770020432950183,-0.15714726692488476,-0.2212677494183337,0.2447417245729556,0.03296116440224474,0.3142001482276276,0.24197128737206344,0.07815132620293817,-0.15403811542052145,-0.3544541674057594,-0.033954485620106306,0.35691963829704165,0.1642281232390612,-0.27372163361359636,0.1519542777553546,0.21559521391865105,-0.16515723086033987,0.14611753178365838,0.11746261553379997,-0.24289108934918693,0.207336208104485,0.2682353579104703,0.4249153729525831
Lacticaseibacillus rhamnosus,0.4161406156104709,-0.3133008103871273,-0.18134751197453683,0.2545105801625979,0.25413578527366265,0.25451430589181434,1.2558194471964164,0.2712671532079501,0.4406696920541797,0.38620052904796065,0.2954173753917394,0.00541922660789633,0.3276907661479802,-0.1318475643612715,0.028954417977997346,-0.04560906434873102,0.12456224181589677,0.7943975700020526,-0.4601795577775244,0.30587805711235405,-0.3838147613568955,-0.04157955973683003,0.42668517909020987,0.11928400572863884,-0.22332343337879182,-0.11459111277799044,0.30387932468040274,-0.11910998951514098,0.16493757687459246
Lactiplantibacillus plantarum,0.11367155197114415,-0.09548010428174511,0.7431832267975976,0.2901757066954034,-0.5075427759972821,0.1559362944308283,-0.09853593943051639,0.35573000043886716,-0.13775622152981018,0.0655790675599303,0.2514961836941372,0.3597265582510364,-0.26008892211673285,-0.0003503707522845012,-0.04248359334828683,-0.09599876977211355,0.629636272084329,0.22149451328828668,-0.27826518630051356,0.37535858411643286,0.7366468591037899,0.409739578165344,-0.35581098978620396,-0.04527022185987539,0.48007334475598684,-0.1123008396856342,0.23314582844386852,0.33239021602880103,-0.17807914147342488
Enterococcus faecalis,0.08214239318145998,-0.8723802020207218,-0.20731629240028696,0.02422955458205192,-0.2743349545894548,0.5897233911794906,-0.32904241338818974,-0.03201334600909511,0.1392221731858274,0.5323819867198346,-0.3307586453538318,0.4489491256464879,0.10306991830587613,-0.19445259531438527,0.23863104227898121,0.159717908672041,-0.0800650631476384,0.12094062549700568,-0.015594079058528054,0.13405520357537443,0.298639202356314,0.5758050448436056,-0.2713446496480547,0.7399100123968799,-0.4856263398567505,0.05446447148932501,0.27649516194537294,0.1842975603205098,-0.08680985594617813
Bacteroides fragilis,0.03756332489281744,-0.04790028039764985,-0.07680942708326344,0.35488062910630735,0.2071046457895142,-0.10787287857819625,0.36987996262997525,0.1921898562629828,0.34385863565168806,0.2888886525770837,-0.14869850327662168,-0.06805431205909085,0.32418808153697853,0.28311107963003945,0.09372952181075557,0.1351982149926346,0.4832994687365275,-0.07747141665074897,0.2641292143510114,0.03934220426983179,0.034695639031833925,0.42963305559615705,0.34762490469640894,0.3440528908001915,0.49164364214629874,0.10630115248982772,0.3045858913884892,0.006919973021963191,0.19724990574653262
Parabacteroides goldsteinii,0.06095708368969463,0.12909878949781545,0.2785471076310741,-0.14546620497004173,0.727716182705638,-0.2018052144499106,-0.26425658383631967,0.4474332620500203,0.3374988081888808,0.28723594511564654,0.28850365277928397,0.09632596814592562,-0.16917631144574943,0.12274136745811791,-0.10314851345363349,0.39253592002532534,0.05588278554935841,-0.14764915903775344,0.003584247504101981,0.2238794362826873,-0.06911736584119241,-0.14666611866992943,0.17310616344757368,0.17348997133261684,-0.05208295261133891,-0.04131149168549683,0.1696149812072909,-0.3344253024491972,-0.3222391323129665
Alistipes onderdonkii,-0.1155332663757308,0.035965854486445833,0.19327226967940137,0.5426068650848656,0.3572978869606058,0.052018441010971875,0.09429513762919335,-0.20075880939134264,0.09444605920228302,0.013402408323958517,0.19681556810142686,-0.14816928306569688,0.2558039542723517,0.5598216739007733,0.06737195546294272,0.22051351662968244,0.30704319751333375,-0.020366141565750867,0.16722774454312503,0.10377772023453846,0.12930282956464953,-0.13190293515663992,0.10735305227768283,0.24939948737363493,0.5353430823385125,0.387781247825562,0.7459547372534668,-0.13020426886641484,0.3616961910162034
Collinsella,0.15500260172150554,0.7569408799653017,-0.14248948560654542,-0.1519165526542328,-0.07981779363320662,-0.537168717292942,-0.05772650650422831,-0.12773979846610936,0.1451181359428623,0.20252679273314783,0.6628512517647658,0.3851271514558151,-0.07307109669872092,-0.1695244014045074,0.2475757514519517,-0.29606996210619263,0.649437629756306,0.4538320362163861,-0.04075269563141143,-0.4139403587272632,0.5061617122496238,0.06563804642421464,0.47134489359203857,-0.3783282976383101,-0.07981250688613184,0.10157310991545496,0.11409417812942262,-0.03501964144377309,0.2868549797042496
Bacteroidota,-0.2202861288147783,0.057286154493611956,0.13608868951356967,0.2543316502176247,0.3134844634266669,-0.23739262755136073,-0.36023425122068664,0.4833030465695527,0.19969420359387752,-0.12454596096696607,0.5653455926567569,0.1347023902878576,0.453789155219148,0.12025554442303268,0.7182243774645961,0.6266022527329613,0.025310755456277964,0.3914712852863066,0.29361278487554426,0.5105894672597046,-0.1894770381740313,0.3058154379995318,0.4175273460548763,-0.4276218459269343,-0.2549775537997325,-0.5117696533280301,0.01917794966663268,0.3152626767387887,0.5507071156288084
Lactobacillus,0.12222843412593257,0.5885846636713875,-0.31403043746446735,-0.41101473180654635,0.08333569033101437,0.21521963468179217,0.09019157557177207,-0.520232630011963,0.07326398814616349,-0.29134085015145594,0.3009017646490115,0.20997947382905446,-0.18196393589820656,-0.054160075201008046,-0.21776405656668543,0.08119627081804845,0.3865426961503715,-0.1957178139006631,0.25121395465535334,-0.05907728551173222,-0.13786184967870324,0.06789089201363266,-0.21057269672581222,-0.0660947916041546,-0.2593633677766545,0.6894175398749167,0.11057906559151859,-0.10991765239777568,0.1641939732202666
Enterococcus durans,0.06630158509275105,0.03370912014003312,0.2842500100130276,0.32725231301419155,-0.05915034428315824,-0.07274547219340399,0.017484490854506804,-0.5905763494206755,-0.35455731865956563,0.5100622802333574,0.5934903140503851,0.025289188133086518,0.27296708891672994,0.19337504636306085,1.0236642425365714,0.43587247343037305,0.06162472255577005,-0.1866621321801277,-0.3819338960772717,0.16103909076016693,-0.126905223585291,-0.3266761128793022,-0.09397186527275797,-0.22446440108431845,0.6061424905217694,0.36449192708483513,0.09760820760501479,0.5439832416670077,0.12321049229428549
Limosilactobacillus fermentum,-0.15838526039847908,0.5569372231808971,0.2616730131053976,-0.21117384629793692,0.04289839657491755,-0.16268547601542713,-0.3148399192893008,0.3778532642594924,0.6728249921410391,-0.3195702721457423,0.2688907710071713,-0.09519277073654808,-0.04613761512940881,-0.07771817727166075,-0.1591972309039448,0.1145564883834481,-0.14928503492331133,0.18113704773395164,0.08492856716525893,0.02831558594007709,-0.17226909861247933,-0.0730313991704998,0.32661736774772676,0.2502751562873142,-0.1932665734395653,0.12979969162876775,0.3254161370115367,-0.4008215843364116,0.2630080577139805
Streptococcus macedonicus,-0.098787127683754,0.27117960057794777,-0.12897774696275505,-0.44146463019935567,-0.3882627313649488,0.1144254839984146,0.17791675051644457,-0.17129498753132258,0.29157773763321215,-0.3984560186806879,0.08017606040580504,-0.263304859928737,-0.09555083234064773,0.11421960139492421,-0.15812400958518572,-0.015366663268947589,0.4018878427643322,-0.0730675608569446,0.3507076336195425,-0.23891205639728544,0.25894125337458485,0.5324705861973701,-0.6414933500381867,-0.13906857664114303,0.273121638154162,0.039086384187102204,0.21134376201139266,-0.08119555601474615,0.12597693624186998
Bifidobacterium longum,0.05329682938237616,0.4503346184979422,0.17632625299036392,0.20128079862256065,-0.0235630898367402,-0.04628186722174804,-0.029767456345886262,0.21833564271348904,-0.026295344246078878,0.18693245706892386,0.7226202395936316,0.36133741102950767,0.0021929403496476624,0.4603641766491835,-0.02242261190646541,-0.5114373605533562,-0.20242589327522123,-0.46123757630775675,-0.005454045212392594,0.10552551375686552,0.6029311936825847,0.1980782121292488,0.034269841357340736,0.34882167435504674,-0.5633405927023656,0.1706843674325698,0.33125955816609004,-0.3435758737339525,0.44312621296207877
Bifidobacterium adolescentis,0.20154892224832424,-0.02458637417024037,0.28983455983188544,0.7812078573413187,0.15455987651754854,0.17446617589010083,-0.037808269862073224,-0.1549533108394375,0.3491007449632737,-0.15682514777266013,0.12146987116581774,-0.043297234029535,0.24369394772391756,0.20009863158608449,0.41126198327736974,-0.05300491965642409,0.019037519411988627,-0.19362911473469221,-0.03328797802283345,0.21319014791345564,0.32709658499360555,-0.17664959725328763,0.360881776031698,0.5066913576414853,0.22403047096711026,0.6630387437674198,-0.1321367597310719,-0.27339641099342504,-0.4336160746712836
Phocaeicola vulgatus,0.5488132934467549,0.29630969690621733,0.08332459872686349,0.18399058789594608,-0.23764671418951291,0.8337255938850479,0.13876635459256825,0.13281843838146787,0.3177299871696076,0.24430276952101396,0.1671652072837394,-0.13714233663359357,0.2414405071407987,0.6646073489425101,0.5036260138464933,0.5779559879918191,-0.05336470292935552,-0.19688144607757427,0.062263923970105564,0.11671747368660838,0.4282574555412846,-0.40773938891444583,0.5588650958381841,0.05259763042630318,-0.02806432098422601,-0.20363131257805026,-0.39645700155973074,0.3469511751885743,0.12199539015652117
Parabacteroides distasonis,-0.2869882699223162,-0.2885236316190848,-0.0007354097870384546,0.6007064575868178,0.022122594590918573,-0.3509428859354319,0.026277080774216713,0.018182929075698864,-0.7090659928824715,0.08371154004465635,0.030719640937396625,0.3088619094440255,0.6546868284836035,0.4379695088643272,0.019333392833550844,-0.23195777262250108,0.872007940974958,0.11776553020434648,0.10417878757388387,0.09276247386699903,0.1594254282303565,0.05669187642281726,-0.07209860206407087,-0.06405768237211762,0.0901740189352005,-0.06302743134012948,-0.11385373480314931,0.13192906830756906,0.02350683477374342
Bacillota,0.5511978965748066,-0.6952909425179036,0.4274520555767385,0.4738255577492887,-0.5220170697224449,-0.002806278224104619,-0.011432259798737424,-0.3222535084153464,-0.13334500627726256,-0.23317275363974863,0.6256811330270867,0.3807035179442383,0.48146652849824767,0.31650161921297054,-0.23871553136516874,-0.0573560798839321,0.24681236836837542,-0.26663834266758357,0.3138995290517164,0.027902380552559503,-0.01244624226487924,0.31328799046104744,0.23327899344581193,-0.00828984974572397,0.4477989410092744,-0.22431899827996918,0.2847806820832791,0.2779303773905151,0.007136068205802926
Bifidobacterium longum subsp. infantis,0.1978399066726354,-0.27533407291559087,0.3772081057620703,0.0445293590671033,-0.05681690615571183,0.41470276775106674,-0.11130310716282776,-0.32253838890906783,-0.3669887520571711,0.28180298540369186,-0.2841288057488849,0.6264382545953093,-0.5245788223651167,0.6089369104870114,0.16330524016078551,0.07098606643888229,-0.06347572604268492,0.21974083430562125,0.08870958927254549,0.43099056460495644,0.1342682945986119,0.1450905284385633,-0.00908366366415675,0.08291631288367977,0.19234053066761775,-0.41305051779698765,-0.3044556266317139,0.32297922820681446,0.15125963143838256
Mediterraneibacter gnavus,0.04480499909419627,0.10553017991961795,0.2042745116085013,-0.06192790409280843,-0.13349141762069378,0.15875357652930447,-0.19351183328450958,0.22247582671434155,-0.4107750812713521,0.40874669119769313,0.2417792447239129,0.1768089202941627,0.3948072951836542,0.5996423333387729,0.40431101950543913,-0.45226226939949354,-0.2838730900207105,-0.08744557330870364,0.10782731506325013,0.2552977061407369,-0.11772314394603967,0.1560300293431235,-0.12661487970599675,-0.08345534089758447,-0.3219983290544667,-0.17696997383327126,-0.30550538168490005,-0.1927619758931998,0.4160925389823519
Lactobacillus acidophilus,-0.1848196666495829,0.8897146194512172,0.24799537026426677,0.15545083710846216,-0.15750733405436404,0.3100929638226974,-0.07269134787133216,0.13660294439360843,0.8680253614806384,0.07118203008260504,0.4447819978857027,-0.1109529275377662,0.08950345285091149,0.631240190690653,-0.08809011733633021,0.6437345673990785,0.3123255806366426,-0.06874003276828028,0.2897223217166563,0.39176633488801893,0.2865429886651589,-0.3710674159671369,-0.11814115274746056,0.02574440933454858,0.07766997126998612,0.2862016292652034,0.15331030027997616,-0.30060330761303033,0.21405935530178896
Clostridioides difficile,0.283175723585147,0.26793713437931194,0.4242342176663866,0.35017664636467116,0.237754023768531,0.0789502865624059,-0.39828828005479744,0.22888546573977575,0.16230630614893335,0.18147365115861203,-0.28302457274609283,-0.22431696212247867,0.4159458559998711,0.0881334538430035,0.30445020921178734,0.10849551283913836,0.10892684184872356,0.38148514179279935,-0.05481341846521215,0.12883623308229503,-0.03868258661151272,-0.030348868229694653,0.0072483629594082,0.16664013149011386,-0.04362458649904319,0.47672683767205626,-0.16838219066585117,0.0439385067515923,-0.03191931748225246
Lancefieldella parvula,0.5340933653061198,0.1589664329534724,0.40955336184059044,-0.3456681119110916,0.18011507976077767,0.36688923868703116,0.12468519678262727,0.4196441125196053,-0.055186535030111644,0.522804232055674,0.7896694370857751,-0.008851568131897705,-0.03365075642023152,0.5360153431353103,0.5738716437192137,-0.056858008145980465,-0.02605604512875717,0.015464617341847842,-0.30333515331028305,-0.17559558394525945,-0.20124223002562033,-0.1303392695312385,0.08959453378396565,0.17026441976095624,0.565150147844223,-0.19950621222163725,0.3952967195429751,0.03580334673234732,0.08516088710427012
Segatella copri,0.3024458476499811,-0.23681660646868954,0.2147229238552152,0.14993566246391682,0.24773537920244473,0.18675059317234544,0.8365900419732683,-0.09132199527539478,-0.05929908650054527,-0.08694215792742929,-0.0666431357480764,-0.09121613819195529,0.4567049593322655,0.5261512743969564,-0.07122388812484287,-0.1497066719312686,0.24142466691592124,-0.06566691328429136,0.2898795453266532,0.16087690625538992,-0.35472323449916954,0.5642515603990185,0.6387633019286565,-0.08383660714531585,-0.016310467980795232,0.18575961721747147,0.2003370369961075,0.2975632818018491,0.7030613616299048
Lacticaseibacillus paracasei,0.04691583175178519,-0.1394891733615361,-0.3137957684043582,-0.1192790119825757,0.09006190813786087,0.6383673590553363,-0.05528338971085142,0.16713638549166954,0.09507313117817438,0.4565179820344252,0.8580797277620864,-0.059260631876096176,-0.046831832755466624,0.4132482631207216,0.3045674468878934,0.65401219772081,0.2751784555977892,-0.007787627236117853,0.2771964492076928,0.4326110741748723,0.3461446543592092,0.2521822093321893,0.42000240687674617,0.45078867713370185,0.5146476973112581,0.2946129662768928,0.049864575904943705,0.14401410592999686,0.46195268995250705
Clostridium butyricum,-0.14508070129617082,0.21060199266187035,-0.018001643698208197,0.10862344688044526,0.48353555878218957,0.157329720405971,0.11393096444684465,-0.3079568422939758,0.3238760698081662,0.29364525434232264,0.748976416991638,0.007666529514099754,0.1657450982991817,0.17481510511322657,0.5732359839290423,0.07141134028391438,0.18370645773110178,0.2823689529149618,0.15598273694690745,-0.03393008436515846,0.1582269978694923,0.4220895249579316,-0.20795458982331808,0.1398909022440628,-0.11003624448175195,0.45851398867745274,-0.3569560714351324,-0.0676765541814765,0.21316356251935625
Bifidobacterium animalis subsp. lactis,0.5696572087703021,0.08027492167810367,-0.0665598580079595,0.664347120832177,-0.3344041701248732,-0.5596417869860246,0.2320043350159997,-0.050616267305783336,-0.20636984513921394,0.312506934189806,0.17314021413135966,-0.06922358922101851,-0.2840913196012683,0.3617371984840434,0.2950603533875983,0.07024724086618514,0.6539910988142997,-0.22102542989784577,-0.3576575512774216,-0.1075724209643733,0.08632419509335067,0.17300183479680756,0.027629182643101047,0.20561661895428904,-0.2754618272571332,0.5331293812219778,0.07535464648222936,0.43518874947643826,0.20281760391331125
Bifidobacterium dentium,0.2370259657461352,0.2709301840696612,0.23431256800519448,0.2928168279602632,0.4987457590397294,0.15895635091044102,0.3127011272765537,0.07307929171383198,0.5320351646348418,-0.10291769061778089,0.6402821298732446,0.08795261480669699,-0.32923253063541447,0.13843132447323678,-0.10431549724246425,0.35219306469661726,-0.09578719379071726,-0.0338550299644339,-0.46686221928365934,-0.03569189577472301,-0.627163797988687,-0.375170847045717,0.3281243968432892,0.33574004759524967,0.22763726853548943,-0.19009284293876386,0.08568659315740605,0.09891923827282949,-0.2475094067577628
Blautia hansenii,0.5510194905301452,0.3632086871727014,0.03371074785110083,0.10806575169835923,0.16251484238426575,-0.5125204605272872,0.025846785243820933,-0.10459527439933955,-0.20048600296847466,0.015669912134213537,0.6393059580548567,0.29225285838010295,-0.07135369693483903,0.2717748344068476,0.5198066309758006,0.3773901048738306,0.11788911097605224,-0.09408103331167217,0.30946699408407696,0.21804561562652489,0.3685579660083197,0.29055154050459087,0.4148658145958005,-0.060570563468170385,0.49521821969029767,0.1592798814077199,0.7225782617875796,-0.10675634542687035,0.6207891409495747
Marvinbryantia sp.,0.15937323503879433,-0.0954254010843345,-0.04516575021629646,0.0038958075417039606,0.22724978392057493,0.2568506464106499,-0.07211000118157368,0.09269362232170515,0.7426811075835591,0.6182629510302133,0.23089710090220963,0.11140104345046009,0.1360093980154784,0.284055391819125,-0.20683776955952163,0.022787038772996482,-0.4005752221632768,0.21976693678158377,0.29415878191082234,-0.04495593868981218,0.5721960289870098,-0.2677296989007023,-0.339312464062946,0.16733554556799163,0.41412949078364636,0.6051783074373606,-0.037665278860681994,0.42360425002938873,0.08844745914978784
Sporofaciens musculi,0.04821181001775412,0.3650979812460017,0.2956968635240259,-0.37291764709527475,0.5429621049177688,0.5140274062442355,-0.08766881045285882,0.2187410600312227,0.24820905588482164,0.17820212974717214,-0.06509154615362603,-0.10148701038141544,0.09233377870256643,0.45181870577780936,0.2630800463783297,-0.01118429962583177,0.33150961319450345,-0.7545627861890226,0.444629710111631,-0.4219141336334299,-0.008732282420939638,-0.23590096838784316,-0.28840444271627175,0.4482480362135558,-0.04031036039356739,0.20395116451921474,0.08592382633624479,0.24311224816693644,0.12304656731807662
Thomasclavelia spiroformis,-0.28489766725657084,0.39888004583414205,-0.04812697494839374,-0.3669745695979253,-0.028434548289773737,0.5502279371902933,0.3550665226340478,-0.00459564032235775,-0.004777311295528622,0.0035094846347852177,0.7230243950682522,0.214580635669466,0.2290124941573209,0.4090850362095526,0.17163674770795406,0.022287356253789067,0.041095045274506525,0.07851962217578082,0.08883332904704752,0.31828886309109394,0.11558376574218984,0.31979202316467376,0.07578502596742531,0.12359055709482718,-0.4994602053596323,0.3748983024107444,0.20394654276939783,0.3994030329578957,-0.7688766134581068
Ruminococcus gauvreauii,0.7265124114342182,0.05812311155344788,0.432454845021255,-0.21197177813765924,0.28383217151877094,-0.21602466895209685,-0.08713068820874154,0.6742094061600358,0.042795279770996036,0.16522986195391687,0.36102031920662625,0.2487045663917814,0.14512567154307293,0.20948830073986763,0.8210246755714825,0.08271436088992438,0.16032971401449025,0.4151963188022836,0.4316577798873952,0.4561090916681141,0.29161906660875536,-0.24290147381914504,0.5900294596903287,-0.24390361790560636,0.19079063957170997,-0.12628275500580735,0.08075849602210225,0.19862872309104412,0.19640716463508193
[Clostridium] symbiosum,0.22657622627058543,0.5841133807175941,0.23606029045419394,0.02675300941280541,0.3892261504865072,0.4568411466773922,-0.2682823445410977,0.2792200209549574,0.3103518226932695,0.010730948992002429,0.5127120439934858,0.05498332389024199,0.1376729360414627,0.048078452714839126,0.10467371427444026,-0.22888252606856055,-0.33201526477828824,0.5783515189674916,-0.15408840449549835,-0.1974177048368921,-0.5460170340811145,-0.09168852430685065,-0.29692693802224945,0.5926045480409107,0.40294512680279027,-0.10644510355331713,0.7757307416032926,0.3945296460974783,0.0025505849474132675
Eggerthella lenta,-0.6498217144620719,0.7872827717772225,-0.3168717400290788,-0.3936196240870675,0.4067711296028921,0.8319257219017818,0.5152818455531555,0.2691727360157079,0.2784263024995858,0.35602466763409235,0.32767857693602953,0.18435742719081274,0.13126033118556282,0.08122206163014328,-0.12618937666000288,0.01579747693996779,-0.40788704425861566,0.07049811196157504,-0.1965773321452752,-0.23107679516473126,0.15396824534604353,0.5176006859033798,0.37549498180069385,-0.3711501810869531,-0.19688844097110123,0.38223135639646477,-0.19474621806149287,0.03261005500089263,0.2650156297073656
Clostridium,-0.1905033364590906,0.13161265184378798,-0.30020764847546133,-0.08041029318536408,0.1959345802427611,-0.37789812005950074,0.2321424213881197,0.09410866032199564,0.2657469863251443,0.16717424021939842,0.5092421289921533,0.13756735079437218,-0.028821662337575882,0.13668925090968514,0.26298940871091636,0.11465802109771131,0.11217750736116472,-0.11059750634202659,-0.09887027526528444,-0.320781581539908,0.6248730229560817,-0.2731589706173855,-0.10787155933877218,-0.11552217967075923,0.3684773130833324,0.011515096512391673,0.47432262180212015,-0.10204718727316053,0.18369824866714057
Lacticaseibacillus rhamnosus GG,-0.1506041159779272,0.7435447383320164,-0.2562795257088538,0.19294621306810827,0.29013306427962954,0.22413972923544948,0.04441370233668752,0.06105379007997216,0.11314344159373288,0.055899399511453424,0.3891637350384729,0.7631569004774054,-0.06724753550235008,-0.31094089387372337,0.07351538549462355,0.8739128012962956,-0.14110237039091922,0.5917350416332202,0.6033102442229321,-0.06607647251239837,0.2706949237555826,0.5885189869385614,-0.013738322296246108,0.03892589196929148,-0.0745042741845931,-0.20442701920786002,-0.09478326351980212,-0.26718208002867694,0.11022504047776782
Ruminiclostridium,-0.13099196931759252,0.1701357735372243,-0.3667686938610881,0.19926406966433713,0.3500586884826774,-0.49812069277143667,0.21221697095427164,0.4683006977419877,-0.26289230560736165,0.601771716051311,0.22570570280981356,-0.11150355672752266,0.0832692767026882,0.2674980737565167,0.12280161742372345,0.26162679773391073,-0.17620207792380985,0.1508082472108234,-0.32411434907149406,0.06663218159538992,-0.1711722924394369,-0.12065898277692996,0.47082795256313126,0.4273930361782807,0.2827414362721531,-0.22769382940177366,0.00507746509155943,0.46392930999375503,0.14251507409197142
Klebsiella,0.7957988619945082,0.21799535181831156,0.15761473494700948,0.007265060739249596,0.1400622714346847,0.054259049085836834,0.31243260300657716,0.38701069503837526,-0.13579683815238483,-0.2993698860673334,-0.45086161193098895,0.2523973980737631,-0.23100998185216207,-0.5458671778857449,0.21657358135928922,0.8478998552298371,0.098178726538032,0.35154723233549257,0.1245488075642695,0.0703331040426572,0.3757229448963305,0.012917636743404612,0.18021769422157088,0.1965093418588041,-0.10042713609291462,0.3976127048609568,0.04751207299137741,-0.1267235478478534,0.2609529530711211
Muribaculaceae,-0.16954039453731115,0.10845434721073847,0.09726430100673894,0.42576866974947347,0.24240946986398584,0.09249191237645683,0.34532988976008616,0.517062264705194,0.26734309190555866,0.10310578595301419,-0.29355086970504785,-0.21953409892261175,0.00843258869359971,-0.08285366064778493,0.043908609104366204,0.11699497746913215,0.25890782630701925,0.07885036658227264,0.24595049314786058,0.11934232444303608,-0.49263996990616143,-0.18180061814562629,0.056773733283515364,-0.2629084228523323,0.27997861899886134,0.5592252497031092,0.465628555509195,0.03596713872093761,0.5472178410549856
Acinetobacter,0.14460023716063347,-0.0011257913354117965,-0.08402079906228191,0.009259094053561512,-0.016453045562368623,0.1511248667126463,0.14817219431495937,0.10091380604602435,0.23108145092390495,0.4571938824359024,0.38486624063239716,-0.34546939053497105,-0.6661763404705865,0.3802959733717821,-0.3100636095246263,0.03257037943219494,-0.2510339078178079,-0.44059413127400593,0.2624388184614364,0.32774654809079407,-0.07295312021801581,-0.677312687643473,-0.06387333447574481,0.21754120162076396,-0.34367347063223863,0.1550079759337467,0.09540704524810134,0.27378744988032655,0.13587411052424597
Fusobacterium nucleatum,-0.19192068226446665,0.4589714504993474,0.052441128091909005,0.09180863814702045,-0.17998038772195882,-0.032984675357453086,-0.16544081420807025,0.04811618202297311,0.613512544042703,-0.3115703428794069,-0.3840684193630223,0.5413510982480826,0.03720289685444017,-0.10072182159797496,0.4119714062188229,-0.08168466192105922,0.6478029140640809,0.30337776140178074,-0.04637342244371079,0.747192463979651,-0.0817144769010015,0.3226286116027921,0.18978777412194758,0.49052238681963944,0.5684533590180558,0.10960124471973,-0.126025361103855,0.23799164288173494,-0.10331461092563182
Salmonella enterica subsp. enterica,0.7040161742579869,0.14096059932482125,-0.009596465393632597,0.15540409175947253,-0.30413788685890897,-0.19148421155319542,0.4601241723833276,-0.0970682836914187,-0.21407329480458184,0.26099582575818586,0.45571124639889904,0.31568599319952,0.3988143057417449,-0.12703852657083822,-0.3265432000225531,0.550400095586646,0.003196048347359287,0.0247500950634858,0.4984582425547174,0.266869002820198,0.2367663316244823,0.7495007034703252,-0.09305546911404289,0.37835203842437115,0.11710393746912535,0.18057768365897708,0.5585405279237595,0.2523507268868871,0.2614888237148899
Turicibacter,0.42175220119294066,-0.009485818862865592,-0.15176290020170188,-0.21344275820631006,-0.4899069768128005,0.7168621389820966,-0.23096250971650492,0.033623912924268404,0.01695601003332381,0.1922220093427302,0.344721163761789,0.3581420465079236,-0.07492323157068154,0.04986348586407656,0.1847739851464899,0.02539266214493588,0.5822036728059977,0.2472924854914754,0.32046333581494524,0.2988643806002238,0.4520421572455975,0.15430646761111208,-0.289049584386754,0.21990638552579247,-0.0954070681375487,-0.05858500452492704,0.275909205626528,0.4714849214300907,0.1063814730208185
Ligilactobacillus murinus,0.19264990377968916,0.6106644833905713,0.17222595384657047,0.8805049342541185,0.2696528936894632,-0.4282288277467453,0.32600248633135975,0.21434751546483333,0.4869258262248237,0.3019544053809875,0.058463204804867865,-0.26728947088680965,0.03729302281419243,-0.15515613626279004,-0.07415703494141679,0.27657352132618285,0.6009713513054218,0.21840145894689433,-0.2587649186105553,0.2333808004660422,0.4589894459936953,-0.08293487129581464,0.0597948499981247,0.10440645841875913,-0.13546949392467197,0.2944841301531577,0.06371555541766553,0.22585973317210833,-0.16624765334063
Mucor ambiguus,-0.03123749009702312,0.3167144073483314,-0.011849945627530084,0.6180891553700215,-0.01989085568438069,0.16740541772556577,0.37977724956192693,-0.3255097198799095,-0.4282426435942328,-0.35769689437102836,0.47877523102815467,-0.06555744376773401,0.8674597857004757,-0.06927427959721658,0.1553653909591111,0.5626329857703627,0.7018278664477369,0.7184510729909193,0.4625098691779427,0.40721875774343874,0.2777580847603549,0.3335083228499913,-0.06535571489856001,-0.14545966502669214,0.09898766277671439,0.04894461324252147,-0.03596841479818255,0.3089162342370146,0.38659156257115324
Escherichia,0.1265220658875542,0.5432590243165786,-0.2425067342400515,0.041902162216084574,-0.11504669618084146,-0.45996098512191796,0.07519579424719024,0.06347574748501494,0.5540349229726392,0.2892435053664333,-0.2072560472987615,0.6562277699002564,0.4663101086576059,0.27462931104058474,0.03205477034505043,-0.18783177101704393,-0.011662032821315893,0.42662458591125585,0.6653758917803827,0.5629730584816567,-0.04665482653588221,-0.23588522998670333,0.1422658740733612,-0.4305318096688555,0.19695031425543444,0.0557192241103994,-0.03981095056047265,-0.37841092018003863,0.254080031970915
Enterococcus,-0.05981025189857342,-0.25097505071308635,-0.7616786639844948,0.09174552848480913,0.6316754790009231,0.598377764364361,-0.03712887697588155,-0.08066361810853415,0.24063227682250712,-0.19951563175648743,0.1905375699458398,0.32982408351540704,0.4680799671652923,0.06995377705601417,0.038897874946910244,-0.1633947760269683,-0.148064106211958,0.03205633242954198,0.21020965204485342,0.37407538786997485,-0.14095368520410342,0.5478065706878565,0.01866291968722937,0.09358981169546916,-0.12416350374434701,-0.6272720780818825,0.36521361890831494,0.32105316912773,0.015601732864535992
