,BEST4+ enterocyte,enterocyte of epithelium proper of ileum,enterocyte of epithelium proper of duodenum,"CD4-positive, alpha-beta T cell",intestinal crypt stem cell of small intestine,paneth cell of epithelium of small intestine,"activated CD8-positive, alpha-beta T cell",natural killer cell,neutrophil,enterocyte of epithelium proper of small intestine,small intestine goblet cell,"activated CD4-positive, alpha-beta T cell",plasma cell,macrophage,"CD8-positive, alpha-beta T cell",enterocyte of epithelium proper of jejunum,B cell,enteroendocrine cell of small intestine,intestinal tuft cell,fibroblast,gamma-delta T cell,enteroglial cell,innate lymphoid cell,myeloid dendritic cell,endothelial cell of venule,"naive thymus-derived CD4-positive, alpha-beta T cell",mast cell,endothelial cell of lymphatic vessel,endothelial cell of arteriole,pericyte,transit amplifying cell of small intestine,monocyte,myofibroblast cell,regulatory T cell
Eikenella,0.3500809614512045,-0.08033796580065405,0.4497749560765668,-0.4000290220367593,-0.3484268439348932,0.14097921867662572,0.10761558339168152,-0.11497204652723153,0.3428783307915657,0.2592682942647848,0.3574417212802048,0.06305906939431973,0.28077408039350227,-0.03369509090899836,0.7161456070259786,-0.14376373103659573,0.7315892288374937,0.11046638412682258,-0.3126532668706228,0.5104238051465804,0.1377704165184877,0.35533722951407143,0.467156775562778,0.2013866662435076,-0.07767225344384437,0.39271401330077504,0.10022665223637867,0.3057573455825257,-0.5461191721374384,0.23409451510295556,-0.09157574754350903,0.5959928911535591,0.28692620436672855,0.171957323754789
Streptococcus,0.24589299800506648,-0.19953225586301546,0.5869770071584162,0.6974111255250713,0.2178740531644649,0.5771210705720916,-0.07074445960176015,-0.13913406986749421,0.11227742461867686,0.2304823115103696,-0.018196004372936114,0.26133045711054514,0.1919168446220242,-0.1994920325873165,0.2556379052355164,0.3590584727564563,0.1514407952771173,0.4457944309785077,-0.26522113804908554,0.24038512663955552,-0.2510842119190324,-0.23422440746992626,-0.089279250121337,-0.18261805507227344,-0.06439874562234132,0.03575490678664338,0.3511463458994153,0.0036522883882892793,-0.3756877120308778,0.4420203539485481,-0.15112704008451186,0.08238387186861139,0.23396095208221346,0.15988312552083483
Agathobacter rectalis,0.42825386425644263,0.24370094301782766,-0.1583928739091324,0.7535686521974985,0.15830003900146997,0.055797932013548136,0.38917762691667124,0.1748352837790217,0.21976845788179813,0.847655199580206,0.017463571523486016,0.004671731794781267,0.13497355360373914,0.42145478067431164,-0.35196020905711967,-0.48966676744295157,-0.07613458118604427,-0.39017688771778614,-0.027449404257691518,0.25074990883878706,-0.16722465906567904,-0.3280479730344027,0.1208011485146044,0.35876304538455106,-0.4084920315549838,0.3460697194917952,0.34519186112149786,0.3862255306469884,0.465544064461506,0.7606041773978848,-0.006827614585716554,0.13287147402335744,-0.024931529974407646,0.10059305342674324
Faecalibacterium prausnitzii,0.5598620066908936,-0.30350434517920066,-0.15831490164967263,0.5131542809513684,0.406010952070627,-0.008939494045123383,0.35632060033621593,0.20236475274760996,0.5500823827002964,0.1223528781480318,0.4076896341617747,0.8926035731477859,0.2794297465142399,0.11479844973845309,0.31673409556629384,-0.009584257461165466,0.8163903116574196,0.15402131130879446,0.018120003932346154,-0.15070670150601082,0.4291660574819315,0.3601562238483217,-0.04920631142422796,0.2729354035367268,-0.35256679046385686,0.15549117252194689,0.23582690562300834,0.6121989428677668,-0.13124564081860682,-0.2835057886406973,-0.1686283882775125,-0.30097055009447593,0.5009972073276949,0.5645917885072109
Akkermansia muciniphila,0.19606497338464868,0.4663884837055444,0.1401875141740706,0.0714665056897702,8.871428387151326e-05,0.006882702586730363,-0.3643404668927094,0.1792764290822017,0.08789982693578688,0.32360821722336275,0.12805704893158293,0.051188889529272474,-0.16135790900228922,0.1216459710465284,0.3214711692448486,-0.24300169732515822,0.12624212610422178,0.1699128854588452,-0.11541943508547928,-0.07635689147240005,0.16918325462986433,-0.2400263054877869,0.20497711457481776,-0.16860631209775997,0.41885610790996497,0.8013483236164899,-0.1582270405105459,0.2602623587124024,-0.11802257146460576,0.4122862521393368,-0.27957752272556446,0.2441760275283138,-0.16189669006680577,0.03790462327048938
Escherichia coli,-0.2093075825441921,0.3467051412687261,-0.15109410633187606,0.2655892777995483,-0.0032294084786998745,0.06565828846034114,0.14432677222003856,-0.1285474014976546,0.16311013406226607,0.5591003693063233,-0.13342843574981428,0.4515430429821534,0.5494292900463352,-0.14484649670841318,-0.33651638152716556,0.1905882700515294,-0.06422225683006189,0.6605809657489007,0.11044226214994966,-0.14065982241055375,-0.24414785330351343,0.42697148772724913,-0.07135519222525594,0.11314863983812848,0.3867408235337443,-0.04527750557924906,0.08622135137795181,0.09502947705324398,0.3049973534548276,0.27722330065309775,0.03396588062355145,0.11909471844895532,-0.011533703457046518,-0.34328372207583335
Streptococcus salivarius,0.1772802572194388,0.6676575282499203,-0.1651157422073188,-0.13190891288081089,-0.1612183314931224,0.31737753361693677,0.23454563625893202,0.052438692275062995,-0.17540571849168948,0.1277130374919773,-0.36938663820074125,0.14302797005724796,0.3614573158263802,-0.2753597409901033,-0.35975548304889904,0.5738313675084579,-0.08352789185137546,0.4407843537831466,0.053800700440650495,0.051413554917601766,0.23152380984899357,-0.16519965702393216,0.13974914304869368,-0.014446824447227821,-0.2961480330215094,0.20124462241791974,0.021007657936625165,0.05289255146658767,-0.2630482830242473,0.5774201103288412,0.3630142559158348,0.38924676525159363,0.008366589267495408,-0.41875486685102603
Lacticaseibacillus rhamnosus,0.6858752147468532,0.08167074759823957,-0.12463993880601612,0.22504047234493416,0.4501362364009892,0.09308483317436014,0.48357255038181235,0.4248999815550606,-0.22291435622061748,-0.10213703169784291,0.38726114898393027,-0.7137837691431314,0.055163292050503375,-0.3292493604874015,-0.04296614043005739,0.010353973291238758,-0.007473313372252377,-0.06567837563378257,-0.22914309488864418,0.7875733800456057,0.6602386012484052,-0.2486197460768849,0.5746350253910701,-0.019839647141855862,0.13875624199951314,0.08101781203092524,-0.09792459237618972,0.395155703081844,0.13776595917299733,-0.04296542696577241,-0.29137683314014173,-0.16807850411573613,-0.3924140346806291,0.10366706452455085
Lactiplantibacillus plantarum,-0.25899967768531873,0.020331846244437637,0.5110305560831112,0.4597898718764757,0.09031693176921467,0.07387458215705503,0.6639623648263023,0.2562268361076134,0.0016580620370431343,-0.3278054351361356,0.21816196544942296,0.3487971317748587,-0.08949545735409317,0.18736082654140976,-0.009071988474508727,0.04479028024029919,-0.6463466172686994,0.03346557888515936,0.3908107907224163,-0.08942076666996746,0.11575791046459488,-0.12678521200757611,0.20813250288783186,0.03504304073914792,-0.18177246220460205,0.4997654402995383,0.3786796040596645,-0.08147202917845242,0.2493364928253332,0.2612236008461142,0.2926903705033528,-0.40827676879852337,0.40198196230978833,-0.07090968887771942
Enterococcus faecalis,-0.0073483800323800585,0.89136452567806,0.19056201421630353,-0.01589674263415264,-0.5615883118267718,0.5169292401839066,-0.3035629012425808,-0.201031671049851,0.000594310273645246,0.5249235375100878,0.33197199599972776,0.052648747047922016,0.1924876190916463,-0.08011570786133171,0.14189610686960524,0.122001023433441,0.39063096870440595,0.3901534367316849,0.24819321466169345,-0.008704267263830667,0.322546688317038,0.07240946013908603,-0.22457431061393987,-0.020986337573281583,0.12535809513529736,0.3730647350994236,0.04494154835285409,-0.2627596133718818,0.11702250498904583,0.1340368120169657,0.1557512886708259,0.37596145478632903,0.4056769720269695,-0.07826326171449996
Bacteroides fragilis,-0.08484303741468302,-0.21205961328664194,0.3096447010841429,0.5346460325013146,0.0054754216273229794,0.02757083058250208,0.5400347670696928,0.2516673559645023,0.2308707114403165,-0.257274951792118,0.3036184207838257,-0.17874090215292746,-0.2402060557804874,-0.004031473030013638,-0.07573781703460702,0.03352009168448822,-0.3322944903574756,0.3876448919403017,0.4383058883549287,-0.48420274224224424,0.393537341699965,-0.1431585889464879,0.35709266109483584,0.07946605220007531,0.10863266922429958,0.0444707051736344,0.4636387612700459,-0.27187640375750843,0.28235210162050256,0.43039904946686514,0.3149020241621232,0.7974096742970253,-0.05868402881740964,0.3871914467780594
Parabacteroides goldsteinii,0.06817280939757392,0.47002182290580086,0.09769330128358916,-0.016362734558740863,0.49182166116148873,-0.047468581705679,-0.3238177276701668,-0.05505406495214854,0.2857098839765597,0.5176116254761274,0.13333881258895364,0.49545912017020755,-0.307452476443278,-0.03297903944537087,0.013427464853769652,0.06563217175824411,0.12522831647505894,0.30727328721765784,-0.033442051451147065,0.1417086060859377,0.08646313290278451,-0.17776697116734494,0.06589999327556939,0.056902141030864564,0.050475830499086174,0.10952783697443523,0.12270206218401584,-0.029688553732199058,0.48181442019137943,-0.250844188760905,-0.11629103254096887,0.9339890872670668,-0.21139740649676894,-0.30612640241292755
Alistipes onderdonkii,0.32034302350036536,-0.5231359561321622,0.029417827008268338,0.7437474775229465,-0.3634807766460201,-0.49458934572161395,-0.34975436058730947,0.3695078705040957,0.4374330159957438,-0.053776639093552625,0.30496372120032067,0.5170765982535969,0.6362039243289476,0.02609941564604555,-0.5904415153009961,-0.146263676722906,-0.028041258480577286,0.02231836102648284,0.043642179697384154,0.4356683793792008,0.48232852800627446,0.048497903822565004,0.4295454628155456,0.2072984099893268,0.11935179185877152,0.3719632471329891,0.12167561447137475,0.7173433531293286,-0.33152335003836775,-0.05455126972760532,0.062044330913814914,0.23183580713739718,0.48038814613092673,0.092680429829153
Collinsella,-0.3266688948518621,0.35275416893650124,0.32648762984258933,-0.4825575978138218,0.0988587598987602,-0.3770425492040893,-0.09939532925061875,-0.17084267808883993,0.3427794094725957,0.13504905225165514,-0.28567730022680826,0.36401978888720266,-0.3301417471785243,0.1990341371412831,-0.1442032007874667,-0.009703124759155954,0.25128122441151524,0.2564348197178587,0.5010907220667881,0.07532389009856405,0.1919352588890022,-0.03132119672129738,0.1545969647868393,0.2318458144025535,0.0705070457636872,-0.4411251452277489,0.1994412688992686,0.2093684432066371,-0.10405204290438524,-0.28531611082175423,0.5427637451511896,0.24743365326832062,0.0312756907234871,-0.24110986494424622
Bacteroidota,-0.14654444852640375,0.4907771190358695,0.14129858226041384,-0.06517612010021195,0.25290676936739687,-0.1443194562338971,0.5502529090841135,0.5058401604690176,-0.03997222136083298,-0.0886010741092581,-0.6854399596076839,-0.34447423146541034,-0.3018409324873268,0.14055710229621576,0.002129888667592131,-0.3036006462245724,0.01565078726063282,0.25160114429420455,0.25835180497467614,-0.4699010842576644,0.06152095585485076,-0.3150022330914831,0.3705186091420821,0.33524392490604954,-0.1694081678973375,-0.12981356072011993,-0.03838011514949216,-0.5758380184194017,0.200790452032173,0.018146636097960786,0.3910525247703577,-0.2295227653887658,-0.08573688447497949,-0.3519575774117346
Lactobacillus,-0.20128716904827595,-0.25459459882046565,0.3987921036539337,-0.10947855462541767,0.13725270542338402,-0.014229021158541313,-0.2808395798038439,0.049509873048507194,0.27973099955907843,-0.2623278177630056,0.34273383721941364,-0.15491627644330888,-0.044895177821852206,0.2592049369030144,-0.0990308471658464,0.11127245780075969,0.005592751363572276,0.13881040201114556,-0.6142217316570492,-0.4489045445624249,0.28479010181405146,0.41115442169471506,-0.17314601105945635,0.026791494348659697,0.18841577587069047,0.30796528049761124,-0.5083031815012546,-0.16581207409351315,0.0002261860450375186,0.31094205917081474,0.8495291451164484,0.031598281957084653,-0.32209323863119665,0.2206804231603894
Enterococcus durans,0.49629873686221304,0.13240423629385029,-0.1719945635462878,0.3873981824440057,0.2990636855495305,-0.20782425325868728,0.2144276852603026,0.39917967029766177,0.4545670127676681,0.08006530740716322,-0.00742383385379565,0.46818214662437885,-0.2630481508942655,0.23157378727630162,-0.31100798820932873,0.4196128816778808,0.02258634531665156,0.4805749706942408,0.2474238269066581,-0.266966069018579,0.527388319623173,0.5653735799283188,0.3646859477797647,-0.12847635951086595,0.008195813692777346,0.14362816522172783,-0.11111311979942998,0.6077039717389614,0.14329794151781106,-0.7110044141322072,0.2018067438268661,-0.004447219045193948,0.07752203316446564,-0.01058580973570987
Limosilactobacillus fermentum,0.3421139249820062,0.4359063335660144,0.18491594867759614,-0.0017933561414477106,0.08759883855724893,0.1058798849732885,-0.14072901195945103,0.27367859457137045,0.23801269715813986,0.562132371933002,0.4766049340865425,-0.10570247527703905,0.34608951235268937,-0.18528601492834149,0.3087796302822549,-0.05498425962803233,-0.20697596701267532,0.18401360280922135,-0.7023701384462422,-0.4252926723215684,0.046752434867715055,0.12473252999045274,-0.01079563104745665,-0.37383088961527955,-0.14536755264155163,0.21736279817121817,0.2745345311885088,0.09513306472121763,0.44705013431109664,0.21921910703777028,-0.12423669618746366,0.015849383976514794,-0.3208598471623564,0.06755830288257497
Streptococcus macedonicus,0.43363018576640155,0.30558702541329036,0.5206027977757366,0.009134426860302067,0.5038299383542773,0.042008732065609046,0.5414755247709682,0.0934429757673629,0.312169412141283,0.5425337092929566,0.041971711425638325,0.16551669626325227,0.4866590275618907,0.06009905082098093,-0.2962676847518483,0.7429021163754729,-0.04092933930114104,0.14762681528126287,0.44680200083533816,-0.08254817111936052,-0.20236037396663906,0.17612118903244994,-0.43792291937371686,0.01362817693962394,0.1735115992946218,0.01901443095245077,-0.36303528295572407,0.5782533868612036,0.13106144618475263,0.5293456353285223,0.021989124945866592,-0.16400359450722915,0.18075427607654798,0.03526386210153412
Bifidobacterium longum,-0.2533284373974074,0.5409352776362487,-0.08668106686819879,-0.45207991543867054,0.49844981618719986,-0.05128940474378696,-0.08234716778468729,-0.4296162761089922,0.6222824459790972,-0.28684417616290625,0.11753484421169497,0.37378609676213215,0.2265150799009291,0.08210370640234252,-0.4104997574862249,-0.14291745073018516,0.15634010141275662,-0.1361522209960989,0.1610078379996303,0.3045230226445425,0.3887508657400305,-0.26785380734380504,0.7589938164936862,0.33024380336623915,0.09948575389928081,0.42686097492299213,0.809622331599992,-0.3316160303170609,0.032421207252593925,-0.6135294979619985,0.1577954597944074,0.20961827257754223,0.08825136536717218,-0.09636007129949295
Bifidobacterium adolescentis,-0.5148543548564976,0.21206010502353062,0.5366303451745975,-0.0773055367200296,0.2320179787069435,-0.37044329402601517,0.23716391910775417,-0.0180146893233971,-0.1287253851808743,-0.12810909236483914,-0.018083474609902978,0.2147299947077606,-0.2936489603586553,-0.01913459947035584,0.08755846660025571,-0.22971176735955776,0.6389995605025051,-0.15604864401840243,-0.10083107409004713,-0.19349238494674934,0.6395440261414352,0.26587156857984445,-0.18097760187309261,0.4318694676579906,0.16020960828666347,0.1771760263334505,-0.0033431626257357933,-0.12482479608709199,0.20132982971638042,-0.06352616899867708,0.6450266888725313,-0.28078733157293123,0.5608470318564835,0.0666043453606598
Phocaeicola vulgatus,0.18972572020633177,0.3499473299888304,-0.08907478850133088,0.359274515409591,-0.7122631566143531,-0.11599685996658174,-0.17721884220231962,-0.2760518037115285,0.03551354857631467,0.21572499045450844,0.31079799954979176,0.1722630271601223,-0.09970803946806406,0.21070493134755014,0.13728570845525523,0.3808168503808048,0.33308101087945496,0.10914292417618866,-0.16917590184837702,-0.09588504674962423,-0.06493680789140999,0.005420099825123287,0.180415128276926,0.3145523170384175,0.0846643920953867,0.10483743637014174,0.14299189150000113,-0.05477159393970199,-0.17761767729288683,-0.426631369193213,-0.10854480742306172,0.24194363598033608,-0.11087343141187023,0.0286578887722181
Parabacteroides distasonis,0.23992938622369508,0.2562068489268006,-0.22385985564981167,0.39911780693609245,0.43820502680664564,-0.23895495716556794,-0.14715106089234622,0.4573272049438575,0.05594394362340974,-0.5659333842355553,-0.31990445141980584,0.02518911244825564,-0.24891279508538053,-0.024027131190932402,0.10971886410507363,0.5386763812104186,0.0128638251316633,0.42176253987182766,0.5286280486110312,0.5302929008056229,0.18542637801567047,-0.4889867443516923,0.2382474596211596,0.4145199663440623,0.07567986836937486,0.6233751610225745,0.35795006844023736,0.2704820131458353,0.4259142133617514,0.2000109553782634,-0.647843149818606,-0.049741685441109684,0.45915040817435604,-0.1422774020294888
Bacillota,0.03295824842891826,-0.21345089417092136,0.6351767785605307,0.6044477372254046,-0.16516066854221875,0.1441894001167252,-0.10414821432921428,0.2844833917094134,0.2529049231726987,0.34351167148397965,0.1995755343123662,0.9806218619165403,-0.20837712950322165,-0.4131810063309542,-0.01792706021043844,-0.3703964796680802,-0.34773868100179783,-0.20039439625939007,-0.1766566716294882,-0.18638543058501802,0.25546568513362344,-0.05185671832560082,0.04614562753825596,0.36826983235028043,-0.12989675743442786,0.02063623038858335,0.20972799582787466,-0.4824703401860664,-0.6154716526851747,0.20383519863931682,0.24760428417006958,0.7192660404557232,0.14742846276004298,0.34592191517742843
Bifidobacterium longum subsp. infantis,0.04135820692420786,0.18916816647552592,0.6001770525248601,-0.5371978454376907,0.22408487727150417,0.7406760190232098,0.18461026576280276,0.5951718889698543,-0.0887636448588327,0.09038575175088595,0.11005741071657626,-0.5652773238076312,-0.25045334835506006,-0.2290625238151958,0.3466198234097582,0.36164593170521653,0.19721093281196,0.34723086905671174,0.05075517618346782,0.46057950086186294,0.10263653278962155,0.11735921422802695,0.020322210021276585,0.30533514329092837,-0.026359644983873942,0.3929294131594204,-0.239644742214802,-0.22967487641845816,0.3062280265379512,0.0734367356250962,-0.03616742484593849,0.36701731974263796,-0.08217842422582533,0.03993962370988906
Mediterraneibacter gnavus,0.5197683850213478,0.5617427037431951,0.5717194630810981,0.015362266919826631,0.469210871495341,-0.18468584833060345,-0.17207086241661826,-0.6051367557873083,0.6018604605695589,-0.15919395472282347,0.06204022607588201,-0.17309730257848518,0.30854957449904213,-0.012690098215202034,-0.2914450671298848,0.2324987692558182,-0.33011900744306855,-0.1512217175946474,-0.5320667343878243,-0.32718743365928205,0.15355875091614335,-0.4893608114308774,-0.3443437173865147,0.0992893251601576,-0.06308206882791575,0.6976109907877927,0.6501689638073126,-0.16037673882534606,0.26714128552104455,0.3247847670638354,-0.079243657407321,-0.3486624609494612,0.09631046520758273,0.04814629755576673
Lactobacillus acidophilus,-0.030729349091185743,0.23269506044934557,-0.1252188821016796,-0.24559926427374293,0.13272489110494956,0.21579102777066278,-0.2529934831700159,0.3784271832973244,-0.4311443413328234,-0.073434037614693,0.02259743914071731,-0.09086711379557894,-0.06951814206535772,0.6613223446924341,-0.15526522671166956,0.8323665167415741,0.23113803391931556,0.1276165411935976,0.24287210601629977,0.8589783247755857,-0.19807790117943438,-0.23612537568091677,-0.12645985897157627,0.10964294408936827,-0.417731337443772,0.1067017717955824,0.6080641400241016,0.14542221718743328,0.012194362307416926,-0.08544813460508821,0.3695535113654693,-0.14774983197141425,0.6539187761797743,0.6800079243143071
Clostridioides difficile,0.17702523959853628,0.09654547357700648,0.4091979424724679,0.4284395506681976,-0.1417975193178246,-0.057966539941010586,-0.2967042304049886,0.22271948150021714,0.2999883650370672,-0.3049776913583818,-0.03655967144484773,-0.30417617527440477,-0.16963994307315125,0.2653051180678898,-0.12004462000348382,0.009752213190310402,-0.3881935183841946,0.15609706291739928,0.08671800404660536,-0.11868777500994865,0.04329571069525776,0.15408846415103333,-0.14446044467280322,-0.3428787632005338,0.6416723298060445,-0.08998181141308179,0.07097196904393321,0.40325192050609404,1.1587165562711452,-0.2733459349666597,0.23494816411795297,-0.11226568558823188,-0.061637091373013236,-0.11606360630203696
Lancefieldella parvula,-0.23769649034017545,0.08761259146460157,-0.34235080611447066,0.38404226995356117,0.11650088081001239,0.22673049187043195,-0.03985658358386687,-0.010161180263524486,0.18626917155019845,-0.24921518972174764,-0.007397130324000745,-0.1578840541635362,-0.16717064317730426,-0.5329514721876925,0.501797976844,-0.10596162594613065,0.449012816549065,0.42063769641828763,-0.285799911954948,-0.22652337070185372,0.8681508878067051,0.625277782578143,0.09054444600156876,0.17721193192520482,-0.08925392088415662,0.22970581426010198,-0.11515457021674141,-0.5097061292895154,-0.2964667359533153,0.10632782435517618,-0.2393201706507763,0.07981676052593964,-0.2223983118298589,-0.13470617675059804
Segatella copri,0.3559495919239575,0.1742441642920314,0.09710067360599585,0.3636891919211953,0.2441825780042042,0.5339689873754102,-0.03795777869454203,-0.0288904935582526,-0.2903327799174036,-0.02869421521172591,0.38943096829073365,0.48999621167864016,0.3880915504260004,-0.43825755996483085,0.4249435637982203,-0.45155558698162124,0.36943519723670426,-0.010335357971316558,0.3107599941801567,-0.2997345043683698,0.451350289811844,-0.3394924238314667,-0.10053647325595327,-0.19942838833071055,-0.4262854558467497,0.1283582702765405,0.6418267353510884,0.9000715666960026,0.12914673612587432,0.43500438252025675,0.16962839137856117,0.24966495843046382,-0.002644595338171643,0.15852307762678064
Lacticaseibacillus paracasei,0.26124361138192853,-0.07353791866289938,0.07675171003210363,0.08247096430075354,0.3479209951991574,-0.21980965148830414,0.08453733741770454,0.6736016407158092,0.4492180457757813,0.5047537146666116,0.10732955205341026,0.19629926910580697,0.40067085001087765,0.5680766588592793,-0.48548087386486605,-0.2946323921149536,0.4928332304207944,0.016933193269358937,-0.10151623677742319,-0.2762482960986812,-0.06650501046323282,-0.32071078502714745,0.7273282818197431,0.09326918440582796,0.08261483747118473,0.2764230025503496,0.3887035507799709,0.38376644696639184,0.42208658317227143,-0.08925366523725689,0.010639958512941639,0.3307094966326827,-0.05821671849188598,0.0984680103918325
Clostridium butyricum,0.21962912932744427,0.3355555246931129,-0.4333042887110604,0.31442369496668354,0.029882782644482367,0.3122373132593143,0.3330795077064486,0.5823745183357473,0.506036094286361,0.5039714987830889,0.5331010957498715,0.18741369544478378,0.10965552611105192,0.3618451249535003,0.31962428542990673,0.007280128978521955,0.22144702264248042,0.08947105996462168,-0.15617987253801677,0.48713822241290494,0.11655977275902676,0.7146124773096552,-0.38764768105994973,-0.06703363185300987,0.10979165100726143,0.4412143292886742,0.2198408117806555,0.19314182625422543,-0.23817913776624414,-0.24708241916884136,0.1967513980869714,-0.3092317981455075,-0.05956332508679857,0.25027519872575726
Bifidobacterium animalis subsp. lactis,-0.19469728168303277,0.581606788708542,0.4671809032713671,-0.37142599950149013,-0.17971137295459613,-0.585733173348485,-0.13477740876443994,0.3299165429717198,-0.024168482682457054,0.23823917308479023,-0.3567002954845232,0.3393925763745716,-0.06653276837850494,0.10365090468487156,0.07213764958208418,-0.2814645562676852,-0.24592529952193468,0.3903383407010278,0.21969764725050867,0.41501471246602806,0.1973974706507555,0.14289719044276494,-0.41780318560002994,0.018889990971649076,0.0917847038788768,0.6859321594817722,0.3060869896296032,0.5608183545128586,0.27926131176841845,-0.11339096808484378,0.13513726484495542,0.1708670938792699,-0.18174667093120447,-0.015316212977876331
Bifidobacterium dentium,0.03826990189684841,0.5816859497695354,-0.5242221576172935,0.4617455262148129,-0.18103857048781483,-0.3116237561808842,0.45398263901153924,0.3195694207703143,0.47635561071435695,0.340210584263673,0.7179535005212205,0.2676171510833456,0.05305678716305246,0.20287791319640278,0.473040738503789,-0.13381259757803507,-0.09556657475941424,0.007311995620627787,-0.5313748396295996,0.14142352252526405,-0.4658386111853079,0.11591779387978571,0.3595869268405749,-0.043062938193150685,0.6031347610560612,-0.3381502698255463,0.4573782044895498,0.30254111692207625,-0.41480997449320667,0.9132382897121598,0.08087641434881016,-0.16324520664668948,-0.3221261584352051,0.0339945917020978
Blautia hansenii,0.061777938283012084,0.13079365856189934,0.010661153132811962,0.28996759303452807,-0.016288949798973898,-0.48048923517214126,0.055191551305107646,-0.6102432960119835,0.20613118926741686,-0.1937900690847906,0.14900810647474014,0.4942224944573813,-0.1846246085804,0.4183768775536354,-0.030016870005845936,0.6259584406196755,-0.009545783959463996,-0.1521478956520074,0.3061715351185865,-0.030736918887090764,-0.15243485423870254,-0.04335195521113733,0.08661804034509958,0.5026540393734562,-0.4802263236378731,0.1069241976851262,0.2874710783962129,0.15803457249753883,0.49295955083006027,0.07769640107244273,0.04463456734421646,0.277698864104003,0.12979414448540488,-0.017122621484141287
Marvinbryantia sp.,0.2548432118759139,-0.09575848796499353,-0.08335314560579812,-0.05839820652968408,0.5059207480499222,-0.866304906795714,0.2186796504288827,0.11028154426006667,-0.40426113777143613,0.1929180337408007,0.2427255975494596,0.27689176940722005,-0.6955484189134846,0.5099168235563315,-0.12132101140545226,0.3059703240259528,0.3223221342046858,-0.16300912568578788,0.2981379857054651,-0.015647972273707456,-0.5214131538014471,0.4503225776583337,-0.13251348890487194,-0.15634803882141626,-0.02091976041101662,0.1816710175982164,0.08281887675336932,0.2644200774121511,-0.3018468099585977,-0.12271591112922037,0.06520087830353993,0.6693661877976116,0.06585623847587259,0.42556667909848944
Sporofaciens musculi,0.11156655063529532,-0.04509759123127052,0.025982672765667847,0.049474086391335666,0.28109372168822155,0.5123833802729664,0.20790425430589632,0.4561233036225266,-0.18943692128890563,-0.024389152644209156,-0.11729076026230001,0.19433337726245575,-0.0076875155538241174,0.3189318811102586,-0.17930051348973244,0.11290929199638444,0.3060573733036768,-0.5195908325121831,0.736489392199061,0.015054434536037303,-0.5075119741028519,0.1474281695730358,0.11003304039194528,0.0754316861282521,0.3973573338779999,0.32423349142811675,0.18936285730715355,0.2350466901839943,0.06869246516857405,0.6326472547720144,-0.34375880550732996,0.141895502264769,0.11950738935663405,0.3439841218193779
Thomasclavelia spiroformis,-0.15315616322746975,-0.4231017807189609,0.14704690482945795,0.18436914766558124,0.5468798228342947,-0.28110861389752584,0.446408130015016,0.8102243092081364,-0.013329466256743125,-0.28728266584796724,-0.022092309912011332,0.10420149021141423,0.2691363625020744,-0.07741841895141421,0.5665595602442026,-0.23435969450241848,-0.42176154565184,0.43201312728619523,-0.5823863093618599,0.038761069338185156,1.0353043387624143,0.09638693411202055,-0.23623029520887487,0.08278076086396188,0.08475976341413995,0.14819498210593496,0.2986788946478859,-0.21173335051032174,0.606264416571038,0.17353428531178536,0.3180382139205411,-0.08844481992669276,0.48591464109866,0.022884277356080604
Ruminococcus gauvreauii,0.1832657540480595,-0.17993182315613274,-0.19907948792063804,0.3064615919358648,-0.03308204906221576,-0.15614692625131313,-0.09295500260810913,0.30968592151522634,-0.08871135836108326,0.06470352051935079,0.1045083250861291,-0.47520466580308973,-0.34133792161205534,0.20088336677426877,-0.12110880834580912,0.41701747338412554,0.3900421312751633,0.3157505999066311,0.6459315361937792,0.07507320167704506,0.29466457777115174,-0.07532029297880932,0.8357109738606171,0.6950900957308058,0.10356413035533758,0.21597586897155766,0.5077892798094418,0.05585814855576792,-0.09698722123991141,0.3621969253020647,0.12353177382510103,0.15489833489357813,-0.15028140292038963,-0.41530164450901885
[Clostridium] symbiosum,0.17084272296373032,0.3714886124482599,0.03225797527718746,0.53092885586766,-0.11117489762466334,-0.21641133648977598,0.07983090784116063,0.07522222739461287,0.33099061940056673,-0.1324888472191954,0.5104282710444694,0.690075088752476,0.08825679190949744,0.47491312605529556,-0.216949121187578,0.42256646235457473,0.41418292256783873,0.35903118405696355,0.09533107333891182,-0.7862746823726093,-0.0925181430956388,-0.0877748053053806,-0.1934764814181432,0.13667290136411986,-0.025689033656370375,-0.14738360292950656,-0.2176400444743459,-0.1146538956455686,0.43644976355497844,-0.09830751638824825,-0.054481611929981716,-0.03700928450697388,0.2016980541428259,0.23687484655855984
Eggerthella lenta,-0.8133969617729485,0.40649056414828244,0.5309104102731261,-0.21505596120850082,-0.19168947342045042,-0.035076016333481425,-0.12680120583698143,0.1671780621839819,-0.48395758590765925,-0.2353782824110219,0.5617591600524722,-0.17846599020440532,0.47302848343087744,0.20660145867704105,-0.44278031437647747,0.29059875856486184,0.064699809342144,-0.036640116874922135,0.17348712795160118,0.24239004567003763,0.3122775465923859,0.45347585426440074,0.2224407738335069,-0.3126902266359085,-0.04209363729535731,0.9829145005805864,0.3173473181145183,0.810786190243449,0.5186302246597556,0.17254062146672455,0.19042212093433525,0.08902598803694627,-0.4213413847539499,0.10541417574046728
Clostridium,0.46320236576265916,-0.07989199844636108,0.22358589971854287,0.3554773137679592,-0.17290413179374262,-0.035390859303099376,-0.20537344714314773,-0.14664968200682205,-0.2862815850959183,-0.170134538413408,0.5258367042393517,-0.17464310872708774,0.137937765718207,-0.05086062610128675,0.45365978111108174,0.49334868898108497,0.3592209946416841,0.1918403659308266,0.030682138947730433,-0.2575624112573749,0.6830586643366591,-0.12790190532576598,0.2990939041098524,0.41786967178701917,-0.06658414907159882,0.4114037581947887,0.32926396100165656,0.6183891506145295,-0.040803939928013344,-0.2857592051839144,-0.051646926633353324,0.16265606276029954,0.11746381812551694,-0.018031368882365117
Lacticaseibacillus rhamnosus GG,-0.47275923769317285,0.24114489883873194,0.6917033437246599,0.23927537143690106,0.2827406557160541,0.27173359184653056,0.21911400096471997,0.37949979006042844,0.21861210435569975,0.006196849104017216,-0.1387966730026262,0.025307903415797445,0.19423884893519977,0.005175111663108009,0.19430160493942916,0.23174504011012526,0.34995382938105457,0.48483849065169415,0.12340222554365726,-0.2923329695442982,-0.00353122904575702,0.1132187702219798,-0.45073062685312704,0.5165993560307446,0.1427133737531399,0.21440585037408547,0.5096579387578797,-0.08904284904270404,0.27221257926520903,0.0670407630694193,0.04477393989522419,-0.13165771634131376,0.5996809641059582,-0.01265001202267127
Ruminiclostridium,0.3098392740687106,-0.46250221624158094,0.4539965589069359,0.4156633467871176,0.1292302330891909,0.0319172601586227,0.2200000016840699,0.7866371982640867,-0.4289710096710455,0.33460821627223825,-0.17348519064617077,0.09402448111008065,0.025635964276401094,-0.028495477339326697,0.0968604612841812,-0.24025134358333713,0.4087541308383901,-0.43824305335958014,0.2619293538485026,0.0020392442396286736,-0.25127746814223606,0.16071501117960857,-0.3670853260119433,0.1119141465158904,-0.32686307234346634,0.23838162529534934,-0.17730720008911263,-0.03529820510879281,0.18818481638294865,-0.13176263355267073,0.08261080009950925,-0.35414915037345607,0.2892626810788467,0.6294741416652314
Klebsiella,0.9376626603729883,0.12735044399993176,0.33646124223915597,-0.43418770187224676,0.5508202978916764,0.3328685514172318,-0.04518003348536989,0.4711542400867028,0.023657177006397564,-0.03740755490436695,0.24260047762824738,-0.21900634994909554,0.4064874293199844,-0.216796943578053,-0.21501643694695585,-0.1729069365225003,0.32785001125483665,-0.08503260845591229,-0.3043987353101506,-0.0817039999807394,0.09038728879585395,-0.2542917450993156,-0.24550433271030306,0.7333889002298752,-0.15816962114416608,0.0030872893680979757,-0.01017110023978575,-0.026407042331132557,0.2864040219907307,0.38444288514161484,0.008213670540522383,-0.2709434859777047,0.482332068354671,0.07139767264099522
Muribaculaceae,0.6190965444571506,-0.5736757692695489,0.1586209663849961,0.6755819001628623,-0.0059792406314474605,0.032351972999609194,0.18865350747710163,-0.0676387456654872,0.006378420384180142,-0.0013445282574209017,-0.08822622032791197,0.46865696506016785,0.23832340968893054,0.1751884696309906,0.342571302067035,0.020693250038959943,-0.13226114550587015,-0.08078729138436722,0.10053491233138268,-0.21776351251187057,-0.05007830497600266,-0.0548349925614304,0.7373668689487041,-0.732144481980175,0.04611408357831003,0.6177081378444311,0.1365533392397362,0.3260252420263278,0.12994789452993039,-0.10020001436494408,-0.572574780352674,0.16163670611089087,-0.13268198138071732,-0.1401006218495911
Acinetobacter,-0.04969617679373356,0.623458421987048,0.8214512626761918,0.16516238125852029,-0.0394301671735183,-0.25316792523536313,0.24056204846382073,0.6348716800195432,0.02579788389245298,-0.6136988122259672,0.30101490154465715,0.3956199134350148,-0.37575369211575416,0.15294525509888585,0.23536780484082964,0.07806780939731844,-0.1372312757256061,0.40478116706906686,-0.021013923790604766,-0.3455558488099796,-0.5148423457009043,0.4782548559997929,0.28499919294133547,0.1263920641387507,-0.03208239105524105,-0.05869952426093808,-0.22272099453248337,-0.02943669336796545,-0.5360261645360523,-0.12081909604055424,0.006718745094671852,0.2829640141571257,0.08802206098799087,0.33847693416266766
Fusobacterium nucleatum,0.5047405315340289,0.41745102814723045,0.24115295421356703,0.10355880375423526,-0.19423640252406774,0.3219832154137949,0.6039242146664587,0.20263181189512547,0.6751777445278369,-0.35767151241832507,-0.24624901543386238,0.35656045232447875,0.1792870630459753,0.49413465297154224,0.09535850778197813,-0.16039262675849955,0.03592202733848726,-0.3598051912771202,-0.23857720192911033,0.3917331993754031,0.36183622434088303,0.20890128544182307,-0.4163232562881408,-0.007521072653866548,-0.2674999665980151,0.45295997613632955,-0.07511664006878038,-0.22572431323446482,0.10893884953642734,-0.09204633705038354,0.545123173061112,-0.12044326926025722,-0.31976847776738937,-0.5458740547272547
Salmonella enterica subsp. enterica,0.09076404927597545,-0.0685790341573779,-0.32867138195351797,0.45676793837673557,0.30017354422877257,0.09153463631883108,0.50929787325126,0.2987608100195839,-0.1468567704555297,-0.21176604919722983,0.3453944633361584,0.2189100869402053,0.1509243303911985,-0.15394934086067216,0.2823842701017262,-0.12664966494018473,0.06940400362189661,0.534083243916094,-0.09825027074304371,-0.3718967771218583,-0.2157641575610331,0.39828964800628697,0.17641934121406283,0.061336786393373935,-0.052728141593470834,0.24560797226595701,-0.15473145529706703,0.19169967059277876,-0.11937637064388706,-0.1692978155825162,-0.09124623044750349,-0.012622233945188563,0.08535104921988906,0.1706367385333343
Turicibacter,-1.006509587428533,-0.14229516732402944,-0.017470993206811766,0.5515186115824989,-0.22400078251463965,0.14883898542997376,0.5485090929207512,-0.2938905589841818,0.21819256775932072,-0.1406815501803561,-0.051390122686770345,-0.14093325018599434,-0.11955719252476577,0.9165736443719479,0.35333676162149974,0.4305213585358627,0.24759804605094884,-0.38187703652058735,0.21848739109699214,0.421878884352204,-0.1560198422117334,0.389598000148338,0.31130086295622367,0.6556120134441009,-0.025334903754085647,-0.229283294682718,-0.008488432811763688,0.530671297949087,-0.44852176425258894,-0.5205127146293097,0.12681858367948398,-0.03277678783224683,0.1023183679527054,0.3835935313707596
Ligilactobacillus murinus,-0.06577080383565573,-0.46190174927918615,0.7133444671599832,-0.19916848623163283,-0.21771113660362926,0.431116004116779,-0.015346736312455367,0.08098304438955678,0.24483703721809538,0.42507493093299864,-3.8207954531577215e-05,0.5559856017742898,-0.5407399546204417,0.3279361710859231,-0.1518582674052972,0.5116813949823974,0.1426133436491636,-0.10187159960282047,0.29885232790648975,0.3679565041621755,0.2925682368575915,-0.2089088718899181,-0.04520513708662541,0.0987781488635695,0.08762210420498188,0.3249236426315043,-0.5044703697519825,0.20029811636605105,0.01300559366900804,-0.15155018491518565,-0.12274603333087986,0.03563870064461093,-0.9803255313378553,-0.11038687123746499
Mucor ambiguus,-0.16274444739388796,0.2598349627967873,-0.14165800475315612,0.03546585994885304,0.5626829882983906,0.3983054559446271,0.37068141998303583,-0.04996172912325553,0.2629096837868957,0.02983065986392182,0.041172036796918644,0.2229056031239649,-0.0790980765262797,0.547900931332961,0.051960958120618864,0.2855081698778995,0.5366801437771894,0.40949613237255256,-0.3226757308071574,0.23346876850296527,0.35521581833819404,0.36755890664822466,-0.23398845023438933,-0.09711057110519716,0.39836747072248646,-0.12852811120479368,0.01009118300070573,0.5727627428505908,0.08566022488456307,-0.11803224135015289,-0.16328520705887153,0.1998157988755564,-0.2999444025431627,0.02579921083107456
Escherichia,0.19996916049700653,0.4897449461643002,0.30026442411099874,-0.11421953539465363,0.45352579526911607,0.010145488735756741,-0.27071090661482267,0.04838759222035825,0.5314507603437105,0.14957201501947756,0.1037565592989359,0.591163493410856,-0.3294064541163281,-0.2856797342158317,-0.3847539412900496,0.21179445594401652,0.14994793813453736,0.5628209101839328,0.17304252314103108,-0.02124714784379081,0.10053846186343213,0.13531222553828742,-0.4015283819984501,0.9130994933004679,0.25596130543057344,0.16300249240677672,0.2845491952835741,0.31282329417598154,0.0578339543492705,-0.08937234087221016,0.2798352058965112,0.21571325215943574,-0.14296702972682243,0.5257106834101792
Enterococcus,0.188005610896895,0.3189458086802892,0.5175762663039757,0.10656664634945044,0.19508560209523462,0.34300817155183494,-0.11745832514001564,0.11621549885380028,0.13766457599534448,-0.18681756550501835,0.7952910366021635,-0.3221880330477207,-0.28943117110614736,0.4942679727110737,0.3139798752389627,-0.20778944524423335,0.28218670453050787,0.540355133499193,0.09092108272090428,0.8796468700223746,-0.41721854326041063,0.30814703615773065,0.44995850086630096,0.367403170481574,0.03869328200630551,0.012867555396655198,0.23324355132617722,0.3447263459956208,0.28074203088470895,0.41201736723801674,-0.20566098712002054,0.031668706262909616,-0.18200477963712622,-0.015833832825842484
